a0,b1
american,Abbott
american,Abdo
american,Achrekar
american,Ackrich
american,Adamson
american,Adelmeyer
american,Alvarez
american,Andersen
american,Andonian
american,Apilado
american,Arya
american,Audick
american,Aye
american,Babichenko
american,Bailey
american,Baker
american,Banks
american,Bansi
american,Barajas
american,Barnes
american,Barnett
american,Baxter
american,Bayless
american,Beese
american,Bernstein 
american,Biessman
american,Blumel
american,Bock
american,Bojorquez
american,Boon
american,Bracamontes
american,Bradford
american,Bright
american,Brooks
american,Brown
american,Buchanan
american,Buckley
american,Burnett
american,Button
american,Butts
american,Bychowski
american,Byers
american,Cain
american,Calnan
american,Canale
american,Capen
american,Carani
american,Carotenuto
american,Casey
american,Cecot
american,Chan
american,Chang
american,Chen
american,Chew
american,Chung
american,Clark
american,Cooper
american,Cork
american,Corona
american,Cournoyer
american,Crenshaw
american,Curd
american,Curley
american,Curry
american,Danz
american,Dauphin
american,Davidian
american,Davies
american,Day
american,De La Garza
american,De Lalla
american,DeBolt
american,Degenhardt
american,Del Rosario
american,Denny
american,DeRidder
american,DeVenero
american,Dickinson
american,DiMeo
american,Dobbie
american,Doran
american,Doron
american,Drown
american,Dusette
american,Eady
american,Ebejer
american,Edwards
american,Egert
american,Ekberg
american,Elenes
american,Erskine
american,Espinoza
american,Esposito
american,Evans
american,Farrelly
american,Fay
american,Feinberg
american,Feldman
american,Fetter
american,Fifield
american,Findley
american,Fiorella
american,Flint
american,Flores
american,Fortin
american,Foster
american,Franco
american,Friedrich
american,Gallagher
american,Gambill
american,Garigliano
american,Gatica
american,Gavrin
american,Hagmaier
american,George
american,Georgescu
american,Gersant
american,Giesler
american,Gil
american,Gilardi
american,Giombi
american,Glasco
american,Goldsworthy
american,Graham
american,Greenberg
american,Griffith
american,Gropper
american,Gulisano
american,Gummelt 
american,Gunasingam
american,Hackbarth
american,Hagar
american,Haile
american,Hall
american,Hambarsumian
american,Hampton
american,Harmer
american,Harries
american,Harris
american,Hartmann
american,Hauptman
american,Heath
american,Hernandez
american,Hiley
american,Hill
american,Hines
american,Hirsh
american,Hodge
american,Holmes
american,Holt
american,House
american,Huang
american,Hudson
american,Hummer
american,Imai
american,Interrante
american,Isaacson
american,Jankovic
american,Jantzen
american,Jeffries
american,Jenkins
american,Jewett
american,Johnson
american,Jones
american,Jorgenson
american,Kang
american,Kar
american,Karczewski
american,Kashyap
american,Keele
american,Keiser
american,Kerby
american,Khalsa
american,Kilborn
american,Kim
american,Kimoto
american,Kinney
american,Kirchoff
american,Kleiman
american,Knoke
american,Ko
american,Koberstein
american,Kornkven
american,Kortman
american,Kramer
american,Kreeger
american,Kreimeier
american,Kriegler
american,Kutcher
american,Kuykendall
american,Lai
american,Lam
american,Larson
american,Lebessis
american,Lee
american,LeFeuvre
american,Leopold
american,Le-Roche
american,Li
american,Lin
american,Linde
american,Lindsley
american,Linn
american,Lohman
american,Lohr
american,Long
american,Lopez
american,Lord
american,Love
american,Loveranes
american,Luetscher
american,Luo
american,Luyties
american,Magro
american,Majernik
american,Malach
american,Mansavage
american,Marchal
american,Marty
american,Marvin
american,Mason
american,Matejka
american,Mathews
american,Maxey
american,Maynard
american,McCabe
american,McCool
american,McCullough
american,McDaniel
american,McDonald
american,McGrath
american,McKisic
american,Merboth
american,Meyer
american,Micciulla
american,Mickner
american,Middleton
american,Miller
american,Milota
american,Miranda
american,Monroe
american,Moodie
american,Morales
american,Morrow
american,Morton
american,Moser
american,Mulhall
american,Muncy
american,Myers
american,Nacu
american,Nardini
american,Nash
american,Nedelin
american,Negrete
american,Nelson
american,Newquist
american,Nigl
american,Nuoffer
american,O'Hara
american,Ojomo
american,Okasaki
american,Oles
american,Olsen
american,Olson
american,Orzulak
american,Osei
american,Ostretsov
american,Overholt
american,Ow
american,Owens
american,Paik
american,Palacios
american,Palser
american,Parent
american,Parise
american,Park
american,Parker
american,Parkinson
american,Parr
american,Peacher
american,Pease
american,Peekna
american,Peeples
american,Peña
american,Petersen
american,Petrosky
american,Pierro
american,Pierson
american,Pineda
american,Pinkston
american,Pon
american,Porter
american,Pugh
american,Racca
american,Raffel
american,Rausch
american,Raymond
american,Reed
american,Renner
american,Reyes
american,Ries
american,Riggs
american,Riley
american,Rodriguez
american,Rogers
american,Root
american,Rose
american,Ross
american,Rote
american,Rowe
american,Rowell
american,Rubin
american,Sabin
american,Saito
american,Sanborn
american,Sanchez
american,Sandler
american,Sarkisyan
american,Savage
american,Schanz
american,Schlautman
american,Schmidt
american,Schoneveld
american,Schorn
american,Schwartz
american,Scott
american,Seaman
american,Self
american,Serio
american,Sheets
american,Shepherd
american,Sherman
american,Shin
american,Sierra
american,Silverman
american,Silvers
american,Sinclair
american,Singer
american,Skillman
american,Skubal
american,Smith
american,Snyder
american,Son
american,Song
american,Spray
american,Srisuphan
american,Stamm
american,Stampfli
american,Staples
american,Stasica
american,Stephens
american,Stevenson
american,St-Laurent
american,Stocek
american,Stromvall
american,Strong
american,Su
american,Suarez
american,Suh
american,Superty
american,Surla
american,Swekel
american,Swenty
american,Szakolczay
american,Taehoon
american,Tafaro
american,Tapping
american,Tawarotip
american,Taylor
american,Teblum
american,Terry
american,Thelen
american,Thomsen
american,Thurler
american,Tiran
american,Tomplait
american,Tovar
american,Uttech
american,Uyeda
american,Valdivia
american,VanEnkevort
american,Velasquez
american,Vernon
american,Volker
american,Vondrak
american,Wagner
american,Wai
american,Wapner
american,Warwick
american,Waters
american,Webb
american,Weiss
american,Wells
american,Wen
american,Whelpley
american,White
american,Widner
american,Wiederhoeft
american,Wiegert
american,Wilder
american,Willes
american,Williams
american,Wiuff
american,Wright
american,Yang
american,Zaiya
american,Zalanyi
american,Zart
american,Zheng
american,Zuk
seal,Angel
seal,Apex
seal,Bearcat
seal,Bishop
seal,Boomer
seal,Boxer
seal,Canine
seal,Chemist
seal,Chemo
seal,Cherub
seal,Chino
seal,Coffin
seal,Coma
seal,Cyclops
seal,Cypher
seal,Doc
seal,Druid
seal,Gator
seal,Hannibal
seal,Hazard
seal,Hitman
seal,Jayhawk
seal,Jester
seal,Justice
seal,Klepto
seal,Kojak
seal,Langley
seal,Neptune
seal,Mamba
seal,Midnight
seal,Neon
seal,Nomad
seal,Ogre
seal,Ozone
seal,Patron
seal,Pharaoh
seal,Pieces
seal,Poet
seal,Preacher
seal,Reaper
seal,Redcell
seal,Roadie
seal,Robot
seal,Rocket
seal,Rooster
seal,Sparrow
seal,Taco
seal,Thumper
seal,Trojan
seal,Twister
seal,Undertone
seal,Utah
seal,Whiskey
seal,Worm
seal,Yankee
seal,Zero
secretservice,Smith
secretservice,Jones
secretservice,Jackson
secretservice,Johnson
secretservice,Thompson
secretservice,Ash
secretservice,Bird
secretservice,Finn
secretservice,Fine
secretservice,Brown
secretservice,White
secretservice,Gray
secretservice,Black
secretservice,Wylie
secretservice,Rosenhaus
secretservice,Boras
secretservice,McKinnis
secretservice,Duffy
secretservice,Falk
secretservice,Tellem
secretservice,Goodwin
secretservice,Condon
secretservice,Parker
secretservice,McGuire
secretservice,Steinberg
british,Abbot
british,Adams
british,Bartlett
british,Boyd
british,Boyle
british,Bremner
british,Carlyle
british,Carver
british,Cheek
british,Clarke
british,Collins
british,Compton
british,Connolly
british,Cook
british,Dowd
british,Field
british,Fleming
british,Fletcher
british,Flynn
british,Grant
british,Greaves
british,Harris
british,Harrison
british,Heath
british,Henderson
british,Hopkins
british,Hoyt
british,Kent
british,Lewis
british,Lipton
british,Macdonald
british,Maxwell
british,McQuarrie
british,Miller
british,Mitchell
british,Moore
british,Murphy
british,Murray
british,Pearce
british,Plumber
british,Pritchard
british,Rankin
british,Reed
british,Ritchie
british,Ross
british,Roth
british,Smith
british,Stevenson
british,Stuart
british,Sullivan
british,Thompson
british,Veale
british,Wallace
british,Wells
british,Welsh
russian,SashaIvanov
russian,AlekseiVyshinskiy
russian,BorisRyzhkov
russian,DimaTikhonov
russian,OlegKosygin
russian,PyotrBulganin
russian,PetyaMalenkov
russian,AlyoshaTarkovsky
russian,SergeiGrombyo
russian,ViktorKuznetsov
russian,MishaPodgorniy
russian,BoryaMikoyan
russian,AnatolyVoroshilov
russian,KolyaShvernik
russian,NikolaiKalinin
russian,VladimirBrezhnev
russian,PavelChernenko
russian,VolodyaAndropov
russian,YuriNikitin
russian,DmitriPetrenko
russian,VanyaGerasimov
russian,MikhailZhuravlev
russian,IvanLukin
russian,KostyaGolubev
russian,KonstantinLebedev
russian,AleksandrVasilev
russian,YakovGlushenko
russian,SashaSemenov
russian,AlekseiUlyanov
russian,BorisYefremov
russian,DimaChernyshenko
russian,OlegStepanoshvili
russian,PyotrDemchenko
russian,PetyaAvagimov
russian,AlyoshaMurzaev
russian,SergeiShkuratov
russian,ViktorYakimenko
russian,MishaMasijashvili
russian,BoryaShapovalov
russian,AnatolyIvashenko
russian,KolyaDovzhenko
russian,NikolaiTurdyev
russian,VladimirSabgaida
russian,PavelSvirin
russian,VolodyaSarayev
russian,YuriKiselev
russian,DmitriBondarenko
russian,VanyaChernogolov
russian,MikhailVoronov
russian,IvanAfanasyev
russian,KostyaGridin
russian,KonstantinPetrov
russian,AleksandrRykov
russian,YakovShvedov
arab,Abdulaziz
arab,Abdullah
arab,Ali
arab,Amin
arab,Bassam
arab,Fahd
arab,Faris
arab,Fouad
arab,Habib
arab,Hakem
arab,Hassan
arab,Ibrahim
arab,Imad
arab,Jabbar
arab,Kareem
arab,Khalid
arab,Malik
arab,Muhammad
arab,Nasir
arab,Omar
arab,Rafiq
arab,Rami
arab,Said
arab,Salim
arab,Samir
arab,Talib
arab,Tariq
arab,Youssef
arab,Ziad
portuguese,Carlitos
portuguese,Antonio
portuguese,Gervasio
portuguese,Lois
portuguese,Xesus
shadowcompany,Lestat
shadowcompany,Nosferatu
shadowcompany,Lecter
multilingual,Kugelschreiber
multilingual,Flughafen
french,Astor
french,Beliveau
french,Chaloux
french,Leboeuf
french,Leblanc
french,Navarre
french,Perilloux
french,Philippe
french,Taillon
african,Sulaiman
african,Camara
african,Mustapha
african,Abubakarr
czech,Andrej
czech,Anton
czech,Antonín
czech,Arnost
czech,Augustín
czech,Bartolomej
czech,Beda
czech,Bedrich
czech,Benes
czech,Blaze
czech,Bohdan
czech,Bohuslav
czech,Bonifác
czech,Bozidar
czech,Branislav
czech,Cenek
czech,Ctibor
czech,Dalek
czech,Dalibor
czech,Damek
czech,Danek
czech,Dávid
czech,Dobromil
czech,Dominik
czech,Drahoslav
czech,Dusa
czech,Edvard
czech,Eliás
czech,Evzen
czech,Frantisek
czech,Gabriel
czech,Georg
czech,Holic
czech,Honza
czech,Ignác
czech,Imrich
czech,Ivan
czech,Jakub
czech,Jan
czech,Jarmil
czech,Jaroslav
czech,Jindrich
czech,Jirí
czech,Johan
czech,Josef
czech,Július
czech,Juraj
czech,cKamil
czech,Konstantin
czech,Kopecký
czech,Kornel
czech,Kristof
czech,Ladislav
czech,Leos
czech,Libor
czech,Ludvík
czech,Lukás
czech,Marek
czech,Matej
czech,Matous
czech,Matus
czech,Michal
czech,Mikulás
czech,Milan
czech,Milos
czech,Mirek
czech,Miroslav
czech,Nikola
czech,Oldrich
czech,Ondrej
czech,Otakar
czech,Patrik
czech,Pavel
czech,Petr
czech,Premysl
czech,Radek
czech,Radim
czech,Radoslav
czech,Rehor
czech_surnames,Blumel
czech_surnames,Maly
czech_surnames,Pospisil
czech_surnames,Soukup
czech_surnames,Blazek
czech_surnames,Dolezal
czech_surnames,Fiser
czech_surnames,Kadlec
czech_surnames,Kolar
czech_surnames,Kopecky
czech_surnames,Kriz
czech_surnames,Mares
czech_surnames,Masek
czech_surnames,Polak
czech_surnames,Sedlacek
czech_surnames,Stastny
czech_surnames,Tuma
czech_surnames,Vanek
czech_surnames,Blaha
czech_surnames,Dusek
czech_surnames,Hruska
czech_surnames,Janda
czech_surnames,Kohout
czech_surnames,Matousek
czech_surnames,Moravec
czech_surnames,Mueller
czech_surnames,Riha
czech_surnames,Strnad
czech_surnames,Sykora
czech_surnames,Simek
czech_surnames,Smid
czech_surnames,Stepanek
czech_surnames,Tichy
czech_surnames,Vacek
czech_surnames,Vlcek
bot,Achrekar
bot,Ackrich
bot,Adamson
bot,Alvarez
bot,Andersen
bot,Apilado
bot,Arya
bot,Audick
bot,Aye
bot,Babichenko
bot,Baker
bot,Barnes
bot,Barnett
bot,Beese
bot,Bernstein
bot,Biessman
bot,Blumel
bot,Bock
bot,Bojorquez
bot,Boon
bot,Bracamontes
bot,Bradford
bot,Brooks
bot,Brown
bot,Buchanan
bot,Burnett
bot,Button
bot,Butts
bot,Bychowski
bot,Byers
bot,Cammorata
bot,Capen
bot,Carani
bot,Casey
bot,Cecot
bot,Chen
bot,Chew
bot,Chivalry
bot,chunky1993
bot,Clark
bot,Cooper
bot,Cork
bot,Corona
bot,Cournoyer
bot,Curd
bot,Curley
bot,DeBolt
bot,Degenhardt
bot,Del Rosario
bot,Denny
bot,DeRidder
bot,DeVenero
bot,Dobbie
bot,Dusette
bot,Eady
bot,Edwards
bot,Ekberg
bot,Evans
bot,Feinberg
bot,Feirfeil
bot,Fetter
bot,Fifield
bot,Flores
bot,Fortin
bot,Foster
bot,Ganus
bot,Gavrin
bot,Gersant
bot,Giesler
bot,Gilardi
bot,Giombi
bot,Glasco
bot,Goldsworthy
bot,Graham
bot,Gulisano
bot,Gunasingam
bot,Hackbarth
bot,Haile
bot,Hall
bot,Hamilton
bot,Harmer
bot,Harries
bot,Harris
bot,Hartmann
bot,Hauptman
bot,Heath
bot,Hiley
bot,Hill
bot,Hirsh
bot,Hodge
bot,Holmes
bot,Holt
bot,Huang
bot,Hudson
bot,Hummer
bot,IAMROSKILLSOUTH
bot,iXiioA
bot,Jeffries
bot,Jenkins
bot,Johnson
bot,Jorgenson
bot,Kar
bot,Karczewski
bot,Kashyap
bot,Keiser
bot,Kerby
bot,Kilborn
bot,Kinney
bot,Knackersjewels
bot,Knoke
bot,Koberstein
bot,Kornkven
bot,Kramer
bot,Kreeger
bot,Kreimeier
bot,Kriegler
bot,Kuykendall
bot,Lai
bot,Lam
bot,Larson
bot,Lee
bot,Li
bot,Lin
bot,Lindsley
bot,Linn
bot,Lohman
bot,Lohr
bot,Long
bot,Lopez
bot,Love
bot,Luetscher
bot,Luo
bot,Luyties
bot,Majernik
bot,Mansavage
bot,Marty
bot,Matejka
bot,Mathews
bot,McCabe
bot,McCool
bot,McCullough
bot,McDaniel
bot,McDonald
bot,McGrath
bot,Menard
bot,Merboth
bot,Meyer
bot,Mickner
bot,Middleton
bot,Miller
bot,Monroe
bot,Morrow
bot,Morton
bot,Moser
bot,Muncy
bot,Myers
bot,Nacu
bot,Nardini
bot,Nedelin
bot,Negrete
bot,Nelson
bot,Nigl
bot,Oh
bot,O'Hara
bot,Olsen
bot,Olson
bot,Orzulak
bot,Osei
bot,Ostretsov
bot,Owens
bot,Palacios
bot,Parent
bot,Parr
bot,Pease
bot,Peekna
bot,Peeples
bot,Petersen
bot,Petrosky
bot,Pineda
bot,Pinkston
bot,Porter
bot,pumpactionpiz
bot,Racca
bot,Raffel
bot,Rausch
bot,RAZIEL72
bot,Renner
bot,Reyes
bot,Ries
bot,RMG CHEERY
bot,Rodriguez
bot,Rowe
bot,Rowell
bot,Rubin
bot,Sabin
bot,Saito
bot,Sanborn
bot,Sandler
bot,Sarkisyan
bot,Savage
bot,Schmidt
bot,Seaman
bot,Serio
bot,Shepherd
bot,Sierra
bot,Silverman
bot,Silvers
bot,Sinclair
bot,Singer
bot,Skubal
bot,Smith
bot,Snyder
bot,Song
bot,Spray
bot,Srisuphan
bot,Stampfli
bot,Staples
bot,Stephens
bot,Stevenson
bot,Stromvall
bot,Strong
bot,Su
bot,Suarez
bot,Suh
bot,Superty
bot,Swekel
bot,Szakolczay
bot,Tafaro
bot,Tapping
bot,Taylor
bot,Terry
bot,Thelen
bot,Thurler
bot,Tiran
bot,Tomplait
bot,VanEnkevort
bot,Vernon
bot,Volker
bot,Vondrak
bot,Wagner
bot,Wapner
bot,Weiss
bot,Wells
bot,Whelpley
bot,White
bot,Widner
bot,Wilder
bot,Willes
bot,Williams
bot,XeReX KeRo
bot,xSOMEHODGEGUYx
bot,Yang
bot,Zaiya
bot,Zart
bot,Zomboy N Kush
